CVE-2019-20916,jboss-webserver-5/webserver55-openjdk11-tomcat9-openshift-rhel8:1.0-6.1634740122
CVE-2021-3918,rhacm2/search-ui-rhel8
CVE-2021-3918,rhosdt/jaeger-query-rhel8
CVE-2021-3918,vertx-json-schema
CVE-2020-7793,rhceph/rhceph-4-dashboard-rhel8:4-33
CVE-2021-39154,jenkins
CVE-2021-23337,openshift4/ose-grafana:v4.8.0-202110262219.p0.git.b987e4b.assembly.stream
CVE-2021-23337,openshift4/ose-logging-kibana6:v4.6.0-202109071652.p0.git.d578b18.assembly.stream
CVE-2021-3114,openshift4/ose-thanos-rhel8:v4.8.0-202111041632.p0.git.f7c1227.assembly.stream
CVE-2019-10431,openshift4/ose-jenkins:v4.10.0-202204040514.p0.g67e03dd.assembly.stream
CVE-2022-23219,openshift4/ose-jenkins:v4.10.0-202204040514.p0.g67e03dd.assembly.stream